ip_address,success,software
68.183.146.79,True,OpenSSH_8.8
18.224.80.151,True,OpenSSH_7.2p2
47.100.232.78,True,OpenSSH_7.4
3.0.223.233,True,OpenSSH_7.6p1
154.210.213.190,True,OpenSSH_7.6p1
172.247.254.156,True,dropbear_2016.74
80.241.140.158,False,
206.247.48.91,False,
103.145.88.20,False,
103.39.59.33,False,
112.127.40.76,False,
2.22.80.60,False,
88.130.24.242,False,
44.197.84.31,False,
194.110.112.68,False,
23.42.105.44,False,
99.234.129.171,False,
13.126.126.233,False,
147.55.255.225,False,
3.232.23.140,False,
